{"stat.pickup.minecraft.tripwire_hook":34,"stat.walkOneCm":70670,"stat.pickup.minecraft.sign":2,"stat.drop.minecraft.tripwire_hook":1,"stat.leaveGame":16,"stat.drop.minecraft.dirt":1,"stat.jump":243,"stat.crouchOneCm":10868,"stat.pickup.minecraft.dirt":1,"stat.sprintOneCm":45791,"stat.useItem.minecraft.stone_slab2":1195,"achievement.exploreAllBiomes":{"value":0,"progress":["Plains"]},"achievement.openInventory":45,"stat.useItem.minecraft.egg":1,"stat.flyOneCm":2159078,"stat.deaths":24,"stat.drop":2,"stat.pickup.minecraft.egg":1,"stat.playOneMinute":153866,"stat.sneakTime":7086,"stat.timeSinceDeath":91874,"stat.useItem.minecraft.sign":11}