{"stat.flyOneCm":641362,"stat.pickup.minecraft.tripwire_hook":34,"stat.deaths":24,"stat.walkOneCm":28475,"stat.drop":2,"stat.jump":114,"stat.playOneMinute":62666,"achievement.openInventory":33,"stat.pickup.minecraft.sign":2,"stat.drop.minecraft.tripwire_hook":1,"stat.leaveGame":1,"stat.sneakTime":4078,"stat.crouchOneCm":6775,"stat.drop.minecraft.dirt":1,"stat.timeSinceDeath":674,"stat.pickup.minecraft.dirt":1,"stat.sprintOneCm":19459,"stat.useItem.minecraft.sign":11,"stat.useItem.minecraft.stone_slab2":672,"achievement.exploreAllBiomes":{"value":0,"progress":["Plains"]}}