{"stat.pickup.minecraft.tripwire_hook":34,"stat.walkOneCm":32426,"stat.pickup.minecraft.sign":2,"stat.drop.minecraft.tripwire_hook":1,"stat.leaveGame":6,"stat.drop.minecraft.dirt":1,"stat.jump":138,"stat.crouchOneCm":8291,"stat.pickup.minecraft.dirt":1,"stat.sprintOneCm":20616,"stat.useItem.minecraft.stone_slab2":751,"achievement.exploreAllBiomes":{"value":0,"progress":["Plains"]},"achievement.openInventory":40,"stat.useItem.minecraft.egg":1,"stat.flyOneCm":980304,"stat.deaths":24,"stat.drop":2,"stat.pickup.minecraft.egg":1,"stat.playOneMinute":80149,"stat.sneakTime":5133,"stat.timeSinceDeath":18157,"stat.useItem.minecraft.sign":11}